{"cameraMode":{"drawMode":0,"name":"Shaded","section":"Shading Mode"},"sceneLighting":false,"audioPlay":false,"sceneViewState":{"showFog":true,"showMaterialUpdate":false,"showSkybox":false,"showFlares":true,"showImageEffects":true,"showParticleSystems":true},"in2DMode":false,"pivot":{"x":639.997802734375,"y":359.9974060058594,"z":0.0037705509457737209},"rotation":{"x":0.16122208535671235,"y":-0.813111424446106,"z":0.26657938957214358,"w":0.49174627661705019},"size":2423.20849609375,"orthographic":false}