{"cameraMode":{"drawMode":0,"name":"Shaded","section":"Shading Mode"},"sceneLighting":true,"audioPlay":false,"sceneViewState":{"showFog":true,"showMaterialUpdate":false,"showSkybox":true,"showFlares":true,"showImageEffects":true,"showParticleSystems":true},"in2DMode":false,"pivot":{"x":11.779121398925782,"y":11.737541198730469,"z":13.09603500366211},"rotation":{"x":-0.25631725788116457,"y":0.524770975112915,"z":-0.16943605244159699,"w":-0.7938567996025086},"size":143.62615966796876,"orthographic":false}