{"cameraMode":{"drawMode":0,"name":"Shaded","section":"Shading Mode"},"sceneLighting":false,"audioPlay":false,"sceneViewState":{"showFog":true,"showMaterialUpdate":false,"showSkybox":false,"showFlares":true,"showImageEffects":true,"showParticleSystems":true},"in2DMode":false,"pivot":{"x":-1.1920928955078126e-7,"y":-0.33390188217163088,"z":-1.0456734895706177},"rotation":{"x":-0.25631725788116457,"y":0.524770975112915,"z":-0.16943605244159699,"w":-0.7938567996025086},"size":10.756863594055176,"orthographic":false}