{"cameraMode":{"drawMode":0,"name":"Shaded","section":"Shading Mode"},"sceneLighting":true,"audioPlay":false,"sceneViewState":{"showFog":true,"showMaterialUpdate":false,"showSkybox":true,"showFlares":true,"showImageEffects":true,"showParticleSystems":true},"in2DMode":false,"pivot":{"x":20.330936431884767,"y":-1.3329367637634278,"z":-7.463046073913574},"rotation":{"x":0.012848874554038048,"y":0.9795951247215271,"z":-0.1892181932926178,"w":0.06651945412158966},"size":29.813404083251954,"orthographic":false}