{"cameraMode":{"drawMode":0,"name":"Shaded","section":"Shading Mode"},"sceneLighting":false,"audioPlay":false,"sceneViewState":{"showFog":true,"showMaterialUpdate":false,"showSkybox":false,"showFlares":true,"showImageEffects":true,"showParticleSystems":true},"in2DMode":false,"pivot":{"x":-6.560258865356445,"y":2.974106788635254,"z":-4.240245342254639},"rotation":{"x":-0.197527676820755,"y":0.7953555583953857,"z":-0.3412603437900543,"w":-0.46036624908447268},"size":19.719226837158204,"orthographic":false}