{"cameraMode":{"drawMode":0,"name":"Shaded","section":"Shading Mode"},"sceneLighting":false,"audioPlay":false,"sceneViewState":{"showFog":true,"showMaterialUpdate":false,"showSkybox":false,"showFlares":true,"showImageEffects":true,"showParticleSystems":true},"in2DMode":false,"pivot":{"x":0.12880659103393556,"y":-1.5312719345092774,"z":-6.302315711975098},"rotation":{"x":0.06324860453605652,"y":0.9364278316497803,"z":-0.23095647990703584,"w":0.25644513964653017},"size":15.805221557617188,"orthographic":false}