{"cameraMode":{"drawMode":0,"name":"Shaded","section":"Shading Mode"},"sceneLighting":true,"audioPlay":false,"sceneViewState":{"showFog":true,"showMaterialUpdate":false,"showSkybox":true,"showFlares":true,"showImageEffects":true,"showParticleSystems":true},"in2DMode":false,"pivot":{"x":0.016886532306671144,"y":80.94880676269531,"z":-0.04961487650871277},"rotation":{"x":-0.03333341330289841,"y":0.4712572693824768,"z":-0.01782604679465294,"w":-0.8811870217323303},"size":6.053402900695801,"orthographic":false}