{"cameraMode":{"drawMode":0,"name":"Shaded","section":"Shading Mode"},"sceneLighting":false,"audioPlay":false,"sceneViewState":{"showFog":true,"showMaterialUpdate":false,"showSkybox":false,"showFlares":true,"showImageEffects":true,"showParticleSystems":true},"in2DMode":false,"pivot":{"x":-12.435813903808594,"y":20.97069549560547,"z":32.53444290161133},"rotation":{"x":-0.07764609903097153,"y":0.6035586595535278,"z":-0.059222787618637088,"w":-0.7913159728050232},"size":22.0,"orthographic":false}