{"cameraMode":{"drawMode":0,"name":"Shaded","section":"Shading Mode"},"sceneLighting":false,"audioPlay":false,"sceneViewState":{"showFog":true,"showMaterialUpdate":false,"showSkybox":false,"showFlares":true,"showImageEffects":true,"showParticleSystems":true},"in2DMode":false,"pivot":{"x":0.2797973155975342,"y":-0.07024221122264862,"z":0.3770550787448883},"rotation":{"x":0.16122208535671235,"y":-0.813111424446106,"z":0.26657938957214358,"w":0.49174627661705019},"size":3.6998696327209474,"orthographic":false}