{"cameraMode":{"drawMode":0,"name":"Shaded","section":"Shading Mode"},"sceneLighting":true,"audioPlay":false,"sceneViewState":{"showFog":true,"showMaterialUpdate":false,"showSkybox":true,"showFlares":true,"showImageEffects":true,"showParticleSystems":true},"in2DMode":false,"pivot":{"x":89.16777801513672,"y":2.98744797706604,"z":-0.8767797946929932},"rotation":{"x":0.022856295108795167,"y":-0.821801483631134,"z":-0.03304583206772804,"w":-0.5683733820915222},"size":12.287529945373536,"orthographic":false}