{"cameraMode":{"drawMode":0,"name":"Shaded","section":"Shading Mode"},"sceneLighting":false,"audioPlay":false,"sceneViewState":{"showFog":true,"showMaterialUpdate":false,"showSkybox":false,"showFlares":true,"showImageEffects":true,"showParticleSystems":true},"in2DMode":false,"pivot":{"x":1065.7972412109375,"y":752.133544921875,"z":-38.2169189453125},"rotation":{"x":-0.12946109473705293,"y":-0.12105441838502884,"z":0.0159264225512743,"w":-0.9840399026870728},"size":456.57086181640627,"orthographic":false}